{
	"name": "ezrollerfixed",
	"title": "E-Z Roller Fixed",
	"description": "Next Action Window",
	"version": "0.0.1",
	"author": "tardigradeparty",
	"languages": [
		{
			"lang": "en",
			"name": "English",
			"path": "lang/en.json"
		}
	],
	"systems": ["dnd5e"],
	"esmodules": ["./ezroller.js"],
	"socket": true,
	"styles": [],
	"packs": [],
	"manifest": "https://raw.githubusercontent.com/tardigradeparty/ezrollerfixed/master/module.json",
	"download": "https://raw.githubusercontent.com/tardigradeparty/ezrollerfixed/master/ezrollerfixed.zip",
	"minimumCoreVersion": "0.5.4",
	"compatibleCoreVersion": "0.6.6"
}
